"title","avg"
"Assistant Engineer",48564.434447300771
"Engineer",48535.336511426337
"Manager",51531.041666666667
"Senior Engineer",48506.799871095788
"Senior Staff",58550.172704359929
"Staff",58465.382850331521
"Technique Leader",48582.896091893319
